Entropia,no_zero_crossings,no_mean_crossings,n5,n25,n75,n95,median,mean,std,var,rms,P_max,F_max,Media,Varianza,max_STFT,min_STFT,Energia,labels
8.540909718033554,2457.0,2457.0,-0.028405185016106862,-0.014830106877052595,0.014402089687798724,0.03081940208301005,-0.0006221408608063681,-1.835407535938496e-06,0.0188975352395594,0.00035711683813038935,0.0156481196701866,0.011037346560297884,25.99609375,0.0004865178816291499,7.373944769674523e-07,0.011037346560297884,4.843519812655628e-11,0.0013349916142054421,Local
8.540909718033554,2282.0,2282.0,-0.015639596413964823,-0.009022059149614403,0.007720527809392188,0.021198496744826795,-0.0012896046496476297,-1.4753120302627152e-06,0.011801728334515373,0.000139280791681703,0.009503912001486692,0.005629173744712641,25.99609375,0.0004055524576484894,2.1671865867785193e-07,0.005629173744712641,1.084331665527228e-10,0.00032769685426187065,Local
8.540909718033554,2594.0,2592.0,-0.013762313636112512,-0.005611518740004043,0.005172090889180557,0.01466220318286737,-0.00014053963147763366,3.47060287320827e-06,0.009354538990226636,8.750739971967037e-05,0.006952307478077023,0.0038633688324432192,47.48046875,0.0003131620451736958,1.437474428648401e-07,0.0038633688324432192,4.4323590826268744e-10,7.763475147536114e-05,Local
8.489616423646002,2652.0,2652.0,-0.01948298834148913,-0.00782635908149687,0.0076587617065060854,0.019368510435425756,0.00018800706939585713,1.9841167931110355e-06,0.012090321945516765,0.00014617588474624427,0.00943499200639969,0.004974353174703982,32.2265625,0.0003737210988324195,2.6338883192387046e-07,0.004974353174703982,5.805332748713406e-10,0.0001033043540828823,Local
8.489616423646002,3585.0,3585.0,-0.02030558549803664,-0.008273736840274203,0.008166065872759367,0.020380009486551533,6.970447731446356e-05,1.747137947984627e-07,0.012473157348773727,0.00015557965424726802,0.00983996618258808,0.00476309663423608,43.18359375,0.0003411828599021844,3.1071044400457867e-07,0.00476309663423608,1.3684304633860373e-09,6.794486598068225e-05,Local
8.489616423646002,1337.0,1337.0,-0.010090859041112437,-0.0045074862071216365,0.00435113326235631,0.010658888001188476,-0.00023659240414176241,-2.1474649770176616e-06,0.00640857212721278,4.1069796709688534e-05,0.005142093055146319,0.0029313994484917627,18.046875,0.0001833493075562927,8.301096209007275e-08,0.0029313994484917627,6.140219897202842e-11,5.021826459471058e-05,Local
8.184234774094822,2642.0,2642.0,-0.022368570007363572,-0.007634172159696632,0.007720718267385423,0.02245100658455067,-7.904274573983397e-06,2.893503451210479e-06,0.02017476996562615,0.00040702134316593103,0.011798581631379396,0.011695346944617017,44.6875,0.00044579186320882816,9.86626601957145e-07,0.011695346944617017,7.236409226869581e-10,0.0003064575784210041,Local
8.184234774094822,2076.0,2076.0,-0.01948016639354832,-0.0070219640697337495,0.006760188169663765,0.019536116898116962,4.730616037871624e-05,4.692427499058611e-06,0.016919000694312732,0.00028625258449415476,0.01007371100992629,0.007359494892735763,32.65625,0.00047235687907361577,6.465347023147344e-07,0.007359494892735763,9.835386973510601e-11,0.0003632381998661011,Local
8.184234774094822,769.0,771.0,-0.00807190773829677,-0.0032975584472241483,0.002888728773919211,0.01022393830886982,-0.0004982538336517264,-7.54051867057736e-06,0.010898842117877143,0.00011878475951041271,0.005141414786736693,0.00862587417722101,10.7421875,0.00023283613554805977,3.277505507933142e-07,0.00862587417722101,5.075664554995453e-11,0.000597322610445304,Local
8.184234774094822,2642.0,2642.0,-0.022368570007363572,-0.007634172159696632,0.007720718267385423,0.02245100658455067,-7.904274573983397e-06,2.893503451210479e-06,0.02017476996562615,0.00040702134316593103,0.011798581631379396,0.011695346944617017,44.6875,0.00044579186320882816,9.86626601957145e-07,0.011695346944617017,7.236409226869581e-10,0.0003064575784210041,Local
8.184234774094822,2076.0,2076.0,-0.01948016639354832,-0.0070219640697337495,0.006760188169663765,0.019536116898116962,4.730616037871624e-05,4.692427499058611e-06,0.016919000694312732,0.00028625258449415476,0.01007371100992629,0.007359494892735763,32.65625,0.00047235687907361577,6.465347023147344e-07,0.007359494892735763,9.835386973510601e-11,0.0003632381998661011,Local
8.184234774094822,769.0,771.0,-0.00807190773829677,-0.0032975584472241483,0.002888728773919211,0.01022393830886982,-0.0004982538336517264,-7.54051867057736e-06,0.010898842117877143,0.00011878475951041271,0.005141414786736693,0.00862587417722101,10.7421875,0.00023283613554805977,3.277505507933142e-07,0.00862587417722101,5.075664554995453e-11,0.000597322610445304,Local
7.847762537473608,2054.0,2054.0,-0.021071386717668235,-0.008173482933262557,0.008047028294650961,0.020592517505549704,0.00016132503179240527,3.0968346729456345e-06,0.013594039441099368,0.0001847979083261652,0.010234892446222547,0.006466922813484101,46.62109375,0.00030646650949912597,3.862274468629594e-07,0.006466922813484101,1.0123635168154543e-09,0.00018744058055031608,Local
7.847762537473608,1276.0,1276.0,-0.014872230768183692,-0.00590802733893535,0.005859486083964127,0.01566912151029748,3.8690212807268413e-05,1.3439575455559429e-06,0.010003055508822164,0.00010006111951257742,0.0074350795661897884,0.003966797862349673,18.26171875,0.00030372325415032475,1.719504545336698e-07,0.003966797862349673,2.2158792891671577e-09,0.00012301178720752876,Local
7.847762537473608,711.0,711.0,-0.011254828642429012,-0.004907839725764324,0.004684722825609004,0.012931488092191655,-0.0002885765348118472,-3.7085011790589623e-06,0.00758260761104316,5.749593818304966e-05,0.005868695764165504,0.003791022796414511,18.26171875,0.00019112208735208992,1.1606270501690579e-07,0.003791022796414511,5.795688773737109e-10,6.640900137998637e-05,Local
8.540909718033554,4246.0,4248.0,-0.022949212689518467,-0.011909916232706267,0.011822725701303593,0.02340698834483865,-0.0001740102843883835,2.7744467134529767e-06,0.015606606669724061,0.00024356617174347558,0.012759220320454553,0.008392318283869566,46.40625,0.0003277120471631092,5.60261956270341e-07,0.008392318283869566,1.1273578430940395e-09,0.0004612818540511112,Local
8.540909718033554,2718.0,2718.0,-0.015322905223581542,-0.005949498248932333,0.005661990144517319,0.015847147161020588,-4.171171187874473e-05,3.8124811254889662e-06,0.010737947814212643,0.00011530352326075408,0.0075910068824062375,0.003915199438811369,28.7890625,0.0003351177813491712,1.8801633986678818e-07,0.003915199438811369,1.3347317837970494e-09,6.170573668119042e-05,Local
8.540909718033554,1218.0,1218.0,-0.01064479510760074,-0.005055179057745136,0.004544457081306246,0.013489903349531993,-0.000684783976479995,-6.81036955440127e-06,0.009568056555486351,9.154770624898533e-05,0.006193990920125193,0.005666498134637094,10.52734375,0.00022942551272479416,1.7509794024817024e-07,0.005666498134637094,4.869932956788441e-10,0.00011445079080163878,Local
8.1101268019411,1619.0,1619.0,-0.01905930766052125,-0.0072461184955065075,0.007125466522393286,0.01878948754913887,0.00015276151277672208,-8.283807328038459e-07,0.012968810162415835,0.00016819003702878024,0.00937647778380819,0.005336473215551404,24.4921875,0.000393039018501342,2.948388489219905e-07,0.005336473215551404,2.0583468151360576e-10,0.00014037784682471185,Local
8.1101268019411,2531.0,2531.0,-0.019176558263034937,-0.007466957412511903,0.007471452471906872,0.018571486092135867,0.00014380565105380152,1.9733633951457744e-07,0.011900677161922252,0.00014162611691229788,0.009164294412361738,0.0052031202033362605,41.46484375,0.00033696258090229464,2.7151153120438214e-07,0.0052031202033362605,1.5804745734737213e-10,7.277633695324431e-05,Local
8.1101268019411,1039.0,1039.0,-0.01127582967402306,-0.005044636557180547,0.00472307841306323,0.012725408442507065,-0.0005307434509769057,3.4577972056357947e-07,0.008351137139877157,6.974149152903561e-05,0.0061104034142408165,0.004093391245530462,17.6171875,0.00023427590567197455,1.291285830083498e-07,0.004093391245530462,1.8425573047215127e-09,6.0536108910027695e-06,Local
7.943072717277933,2104.0,2104.0,-0.02338905439371285,-0.010479778393569603,0.010132504882153068,0.024126107237591024,-0.0001349182934784329,1.9606428723615132e-06,0.014545966680945639,0.00021158514668318069,0.011819220705264914,0.0074154752072664466,43.3984375,0.00038012354726960627,4.3027108921145524e-07,0.0074154752072664466,3.261277268716292e-10,0.0002705593938884968,Local
7.943072717277933,1584.0,1584.0,-0.021025877175970126,-0.008651268266212854,0.008267166917182734,0.02112764276290539,1.8477227025409898e-05,2.5501079329308963e-06,0.0126708374363249,0.0001605501213377726,0.010049436249778354,0.00382683540142724,20.83984375,0.0004046016622282076,2.7498610557881923e-07,0.00382683540142724,1.3230219692147646e-09,6.419733081674295e-05,Local
7.943072717277933,592.0,592.0,-0.010596397609418655,-0.005373665222281844,0.004587997275740979,0.012910638555022287,-0.0005968518083534509,-4.965717217003003e-06,0.00732607584533574,5.367138729161179e-05,0.005860914264416983,0.0028843171157248407,1.2890625,0.00020739267836199606,1.0269235280110446e-07,0.0028843171157248407,3.4308434543849076e-10,6.810620548179876e-05,Local
7.4910875935348775,1431.0,1431.0,-0.027539750773889274,-0.013342092962165476,0.01390187850318724,0.02803250503102972,-0.0003209404133678066,-3.060035195516798e-07,0.017611855101213693,0.00031017744010614675,0.014727962916100675,0.009906850267612736,45.546875,0.00036005121986422585,6.447299878824357e-07,0.009906850267612736,2.4864859862585987e-09,8.77214063713635e-05,Local
7.4910875935348775,1000.0,1000.0,-0.018423281762353194,-0.008185732812927483,0.007375198760431341,0.020016123538371025,-0.00014204812061549844,-1.3601684885275912e-06,0.011755764770255304,0.00013819800533357572,0.009366996061608263,0.003679489020291574,19.765625,0.0003598296160158016,2.258552511251292e-07,0.003679489020291574,2.882267780755744e-09,0.00010831878743035237,Local
7.4910875935348775,449.0,449.0,-0.010871028389695057,-0.005272138133512286,0.004575492752307524,0.012679355048375168,-0.0005298662768729791,1.084947457543317e-06,0.007171691142826955,5.14331538481026e-05,0.00573058053263418,0.0028560251502462125,19.765625,0.0001980235605576829,9.22407528537045e-08,0.0028560251502462125,3.971470369365168e-11,3.944419280737916e-05,Local
8.1101268019411,1942.0,1942.0,-0.03083187103604357,-0.010853965656817554,0.010536929978056794,0.03081622500069539,-2.0347370698389506e-05,-2.8532745798269283e-06,0.01973760088608703,0.0003895728887384636,0.014387665196107671,0.010204233644818143,33.73046875,0.0005813683059211962,7.030671812197864e-07,0.010204233644818143,1.754908977196542e-10,0.0002902888205503742,Local
8.1101268019411,2338.0,2338.0,-0.028252814687986173,-0.010587737946182332,0.010279900584807825,0.028010855807603614,0.00023024212493384053,-1.6429459429503557e-06,0.01945266411030481,0.0003784061409883407,0.013850963699388708,0.008088635429972072,39.74609375,0.0005183216077248353,7.533703620949674e-07,0.008088635429972072,2.621607901874849e-10,0.00042162134834405305,Local
8.1101268019411,947.0,947.0,-0.009226481658272823,-0.0034218225530151664,0.0031607735248036658,0.01035952843121467,-0.0002883908227653244,4.042093022589531e-06,0.007982483721157809,6.372004635854942e-05,0.004921690934258254,0.0043330508087580195,10.3125,0.0002165363224127597,1.1370930210833424e-07,0.0043330508087580195,3.37043081045958e-10,3.619150791419037e-05,Local
8.184234774094822,1930.0,1930.0,-0.0282653337026703,-0.010792038779240024,0.010841998086240437,0.027538861755421574,0.0002704651040393084,-2.7357422094012184e-06,0.01816120607987247,0.00032982940627559673,0.013603112642275608,0.00902322098565886,30.72265625,0.0004871534386814154,6.227824119751351e-07,0.00902322098565886,2.5184142174016627e-10,0.0003996247521500419,Local
8.184234774094822,2453.0,2453.0,-0.024206860875770293,-0.00870142433492425,0.009049018624542084,0.023890200187250077,9.846064854602982e-05,5.366381798911329e-08,0.015032265270335349,0.00022596899915773027,0.011364121808248594,0.008541685736737387,39.9609375,0.00039534677626665944,4.551499115612025e-07,0.008541685736737387,2.597029887798849e-09,0.0003978568352286349,Local
8.184234774094822,1103.0,1103.0,-0.010612462406470622,-0.004551342894740375,0.004002183632943664,0.012155583830269597,-0.000581567104671103,2.7014676217787596e-06,0.01029262621452833,0.00010593815439199578,0.006220827570131237,0.005582797680589098,15.0390625,0.000253563375302843,1.951474901228442e-07,0.005582797680589098,1.0987072586367969e-09,0.00011217522852941703,Local
8.589699882202984,4011.0,4011.0,-0.016712374967874997,-0.006668869805607579,0.006511857871284811,0.016903635064213236,-0.00014998901694170005,-4.3989437245069187e-07,0.011972970248305107,0.00014335201656679925,0.008473871900013289,0.006630802575957521,48.125,0.00030008001873042464,3.016249046375286e-07,0.006630802575957521,2.6565918375363296e-11,0.00017927441935920656,Local
8.589699882202984,2898.0,2898.0,-0.015755788958378862,-0.006327452487210717,0.0061683348709988435,0.01606276815794022,-0.0002618747411723643,1.8934032370419838e-06,0.011125811091233178,0.0001237836724378072,0.007928696914130498,0.006021909407722427,32.87109375,0.0003211260005003335,2.2943615018627984e-07,0.006021909407722427,4.63938593976438e-10,0.0001742047252188135,Local
8.589699882202984,1561.0,1561.0,-0.007372918563347979,-0.003502795177192046,0.0032463694973717525,0.008472175459559833,-0.0002334570377554978,-1.7374852961514805e-06,0.005532341439046263,3.0606801798188476e-05,0.004047915525075373,0.003024382430760616,9.23828125,0.00014635018161873547,6.08648952074097e-08,0.003024382430760616,1.5056502117131998e-10,1.9201247514046356e-05,Local
8.589699882202984,4011.0,4011.0,-0.016712374967874997,-0.006668869805607579,0.006511857871284811,0.016903635064213236,-0.00014998901694170005,-4.3989437245069187e-07,0.011972970248305107,0.00014335201656679925,0.008473871900013289,0.006630802575957521,48.125,0.00030008001873042464,3.016249046375286e-07,0.006630802575957521,2.6565918375363296e-11,0.00017927441935920656,Local
8.589699882202984,2898.0,2898.0,-0.015755788958378862,-0.006327452487210717,0.0061683348709988435,0.01606276815794022,-0.0002618747411723643,1.8934032370419838e-06,0.011125811091233178,0.0001237836724378072,0.007928696914130498,0.006021909407722427,32.87109375,0.0003211260005003335,2.2943615018627984e-07,0.006021909407722427,4.63938593976438e-10,0.0001742047252188135,Local
8.589699882202984,1561.0,1561.0,-0.007372918563347979,-0.003502795177192046,0.0032463694973717525,0.008472175459559833,-0.0002334570377554978,-1.7374852961514805e-06,0.005532341439046263,3.0606801798188476e-05,0.004047915525075373,0.003024382430760616,9.23828125,0.00014635018161873547,6.08648952074097e-08,0.003024382430760616,1.5056502117131998e-10,1.9201247514046356e-05,Local
8.589699882202984,4011.0,4011.0,-0.016712374967874997,-0.006668869805607579,0.006511857871284811,0.016903635064213236,-0.00014998901694170005,-4.3989437245069187e-07,0.011972970248305107,0.00014335201656679925,0.008473871900013289,0.006630802575957521,48.125,0.00030008001873042464,3.016249046375286e-07,0.006630802575957521,2.6565918375363296e-11,0.00017927441935920656,Local
8.589699882202984,2898.0,2898.0,-0.015755788958378862,-0.006327452487210717,0.0061683348709988435,0.01606276815794022,-0.0002618747411723643,1.8934032370419838e-06,0.011125811091233178,0.0001237836724378072,0.007928696914130498,0.006021909407722427,32.87109375,0.0003211260005003335,2.2943615018627984e-07,0.006021909407722427,4.63938593976438e-10,0.0001742047252188135,Local
8.589699882202984,1561.0,1561.0,-0.007372918563347979,-0.003502795177192046,0.0032463694973717525,0.008472175459559833,-0.0002334570377554978,-1.7374852961514805e-06,0.005532341439046263,3.0606801798188476e-05,0.004047915525075373,0.003024382430760616,9.23828125,0.00014635018161873547,6.08648952074097e-08,0.003024382430760616,1.5056502117131998e-10,1.9201247514046356e-05,Local
8.589699882202984,4011.0,4011.0,-0.016712374967874997,-0.006668869805607579,0.006511857871284811,0.016903635064213236,-0.00014998901694170005,-4.3989437245069187e-07,0.011972970248305107,0.00014335201656679925,0.008473871900013289,0.006630802575957521,48.125,0.00030008001873042464,3.016249046375286e-07,0.006630802575957521,2.6565918375363296e-11,0.00017927441935920656,Local
8.589699882202984,2898.0,2898.0,-0.015755788958378862,-0.006327452487210717,0.0061683348709988435,0.01606276815794022,-0.0002618747411723643,1.8934032370419838e-06,0.011125811091233178,0.0001237836724378072,0.007928696914130498,0.006021909407722427,32.87109375,0.0003211260005003335,2.2943615018627984e-07,0.006021909407722427,4.63938593976438e-10,0.0001742047252188135,Local
8.589699882202984,1561.0,1561.0,-0.007372918563347979,-0.003502795177192046,0.0032463694973717525,0.008472175459559833,-0.0002334570377554978,-1.7374852961514805e-06,0.005532341439046263,3.0606801798188476e-05,0.004047915525075373,0.003024382430760616,9.23828125,0.00014635018161873547,6.08648952074097e-08,0.003024382430760616,1.5056502117131998e-10,1.9201247514046356e-05,Local
8.317766166719341,1677.0,1677.0,-0.02211307431320171,-0.010591558317414252,0.010173153667922642,0.024837733680466927,-0.0010127973520741315,-6.537223547108881e-06,0.016535863271797235,0.0002734347741435728,0.012378048380272264,0.008783695074407256,18.69140625,0.0004724777863046935,5.130533069998075e-07,0.008783695074407256,5.41958814645146e-10,0.00033293478935180246,Local
8.317766166719341,1525.0,1525.0,-0.015489526590202573,-0.008238043029779865,0.007587049061755205,0.018894214213602725,-0.0007873036237395679,1.7685341985036973e-06,0.012629399944291339,0.00015950174295286607,0.009362979136568354,0.006669808058156416,18.69140625,0.00040482991357892827,2.6749278486460714e-07,0.006669808058156416,1.69247056175598e-10,0.0002287260992859928,Local
8.317766166719341,2254.0,2254.0,-0.012596353947814618,-0.004915485249572324,0.004727665758517389,0.014211190873517944,-0.00020194703260709602,4.9285271655001404e-06,0.012111287230123622,0.00014668327837055552,0.00721210740978743,0.008198306502827197,47.05078125,0.00032755498327695365,3.0909861994498696e-07,0.008198306502827197,9.725492583305666e-11,0.00020701590394291955,Local
8.317766166719341,1677.0,1677.0,-0.02211307431320171,-0.010591558317414252,0.010173153667922642,0.024837733680466927,-0.0010127973520741315,-6.537223547108881e-06,0.016535863271797235,0.0002734347741435728,0.012378048380272264,0.008783695074407256,18.69140625,0.0004724777863046935,5.130533069998075e-07,0.008783695074407256,5.41958814645146e-10,0.00033293478935180246,Local
8.317766166719341,1525.0,1525.0,-0.015489526590202573,-0.008238043029779865,0.007587049061755205,0.018894214213602725,-0.0007873036237395679,1.7685341985036973e-06,0.012629399944291339,0.00015950174295286607,0.009362979136568354,0.006669808058156416,18.69140625,0.00040482991357892827,2.6749278486460714e-07,0.006669808058156416,1.69247056175598e-10,0.0002287260992859928,Local
8.317766166719341,2254.0,2254.0,-0.012596353947814618,-0.004915485249572324,0.004727665758517389,0.014211190873517944,-0.00020194703260709602,4.9285271655001404e-06,0.012111287230123622,0.00014668327837055552,0.00721210740978743,0.008198306502827197,47.05078125,0.00032755498327695365,3.0909861994498696e-07,0.008198306502827197,9.725492583305666e-11,0.00020701590394291955,Local
8.317766166719341,1677.0,1677.0,-0.02211307431320171,-0.010591558317414252,0.010173153667922642,0.024837733680466927,-0.0010127973520741315,-6.537223547108881e-06,0.016535863271797235,0.0002734347741435728,0.012378048380272264,0.008783695074407256,18.69140625,0.0004724777863046935,5.130533069998075e-07,0.008783695074407256,5.41958814645146e-10,0.00033293478935180246,Local
8.317766166719341,1525.0,1525.0,-0.015489526590202573,-0.008238043029779865,0.007587049061755205,0.018894214213602725,-0.0007873036237395679,1.7685341985036973e-06,0.012629399944291339,0.00015950174295286607,0.009362979136568354,0.006669808058156416,18.69140625,0.00040482991357892827,2.6749278486460714e-07,0.006669808058156416,1.69247056175598e-10,0.0002287260992859928,Local
8.317766166719341,2254.0,2254.0,-0.012596353947814618,-0.004915485249572324,0.004727665758517389,0.014211190873517944,-0.00020194703260709602,4.9285271655001404e-06,0.012111287230123622,0.00014668327837055552,0.00721210740978743,0.008198306502827197,47.05078125,0.00032755498327695365,3.0909861994498696e-07,0.008198306502827197,9.725492583305666e-11,0.00020701590394291955,Local
8.317766166719341,1677.0,1677.0,-0.02211307431320171,-0.010591558317414252,0.010173153667922642,0.024837733680466927,-0.0010127973520741315,-6.537223547108881e-06,0.016535863271797235,0.0002734347741435728,0.012378048380272264,0.008783695074407256,18.69140625,0.0004724777863046935,5.130533069998075e-07,0.008783695074407256,5.41958814645146e-10,0.00033293478935180246,Local
8.317766166719341,1525.0,1525.0,-0.015489526590202573,-0.008238043029779865,0.007587049061755205,0.018894214213602725,-0.0007873036237395679,1.7685341985036973e-06,0.012629399944291339,0.00015950174295286607,0.009362979136568354,0.006669808058156416,18.69140625,0.00040482991357892827,2.6749278486460714e-07,0.006669808058156416,1.69247056175598e-10,0.0002287260992859928,Local
8.317766166719341,2254.0,2254.0,-0.012596353947814618,-0.004915485249572324,0.004727665758517389,0.014211190873517944,-0.00020194703260709602,4.9285271655001404e-06,0.012111287230123622,0.00014668327837055552,0.00721210740978743,0.008198306502827197,47.05078125,0.00032755498327695365,3.0909861994498696e-07,0.008198306502827197,9.725492583305666e-11,0.00020701590394291955,Local
8.317766166719341,1677.0,1677.0,-0.02211307431320171,-0.010591558317414252,0.010173153667922642,0.024837733680466927,-0.0010127973520741315,-6.537223547108881e-06,0.016535863271797235,0.0002734347741435728,0.012378048380272264,0.008783695074407256,18.69140625,0.0004724777863046935,5.130533069998075e-07,0.008783695074407256,5.41958814645146e-10,0.00033293478935180246,Local
8.317766166719341,1525.0,1525.0,-0.015489526590202573,-0.008238043029779865,0.007587049061755205,0.018894214213602725,-0.0007873036237395679,1.7685341985036973e-06,0.012629399944291339,0.00015950174295286607,0.009362979136568354,0.006669808058156416,18.69140625,0.00040482991357892827,2.6749278486460714e-07,0.006669808058156416,1.69247056175598e-10,0.0002287260992859928,Local
8.317766166719341,2254.0,2254.0,-0.012596353947814618,-0.004915485249572324,0.004727665758517389,0.014211190873517944,-0.00020194703260709602,4.9285271655001404e-06,0.012111287230123622,0.00014668327837055552,0.00721210740978743,0.008198306502827197,47.05078125,0.00032755498327695365,3.0909861994498696e-07,0.008198306502827197,9.725492583305666e-11,0.00020701590394291955,Local
8.1101268019411,1275.0,1275.0,-0.024024876179414328,-0.013070993476574986,0.01282225994200473,0.02912640782509777,-0.0013130308096851533,3.2043040082983454e-06,0.019376861556989335,0.00037546276379873115,0.01474802495315748,0.009025089242437608,18.90625,0.000598853288158518,6.343463804172945e-07,0.009025089242437608,7.152227032467765e-10,0.0002941844634501308,Local
8.1101268019411,1046.0,1046.0,-0.022287514940611798,-0.011689842419990557,0.012107077519980115,0.02884723917969162,-0.0006724184628890361,2.9390961629632394e-07,0.018659073741811725,0.00034816103290236783,0.01391568150185268,0.008283456064908804,18.90625,0.0005614549068998892,6.169770035034706e-07,0.008283456064908804,2.4833335382631536e-10,0.00021691426443378207,Local
8.1101268019411,2558.0,2558.0,-0.019437794421043278,-0.006365518631762183,0.007078387676527794,0.01910782751191249,6.631887404200294e-05,-3.4437341037268804e-06,0.014916026585118057,0.00022248784908794863,0.009551212090311293,0.007663217142203039,47.05078125,0.0003994642126716329,3.8084024548640936e-07,0.007663217142203039,6.670940941610706e-09,0.0001985252492901888,Local
9.329367078397826,4277.0,4277.0,-0.0272922788464281,-0.01521945178340293,0.014822798129765093,0.032360251836046704,-0.0022036843502994783,7.736723803677932e-07,0.01896601255555069,0.00035970963225730635,0.015932700156699793,0.011556108901971968,19.3359375,0.0005070023376915093,7.710099574225009e-07,0.011556108901971968,1.1279773935637255e-11,0.0008366362491778766,Regional
9.329367078397826,3673.0,3673.0,-0.02538912460579085,-0.014194473900258126,0.012883068219139086,0.030198398960915515,-0.0011186609243088686,-9.009910620088731e-07,0.017610048920179252,0.0003101138229711064,0.014601131557780821,0.010134393900570197,19.3359375,0.00046095152204221265,6.741156247330704e-07,0.010134393900570197,7.187937127017124e-11,0.0006630829520038733,Regional
9.329367078397826,8475.0,8475.0,-0.018871542392822852,-0.007542475404249868,0.007560561365875307,0.01886022514333087,5.290514094841708e-05,2.3313884770188782e-07,0.011503510415502075,0.00013233075187956471,0.009062805315411702,0.004359675964949815,43.61328125,0.0003437266396133408,2.5760262264801844e-07,0.004359675964949815,2.04991915925116e-10,0.0002407760911112737,Regional
9.964018052276156,1782.0,1782.0,-0.14246005581837964,-0.0431521381105062,0.024612356855417006,0.2278945358467833,-0.026095392605254827,-7.633474484361637e-07,0.11258628904865127,0.012675672481746452,0.07608821838609273,0.09430795094454186,0.0,0.0028018657647327035,3.0130107162648612e-05,0.09430795094454186,1.083508265747879e-10,0.05972827905815976,Regional
9.964018052276156,9121.0,9121.0,-0.1032617707282045,-0.015590868409743575,0.017924624447557873,0.09799190711893292,-0.00012202874368479345,3.4253664725270467e-07,0.05955641265120422,0.003546966287880518,0.036004890883225275,0.03248115422967601,17.6171875,0.00197073070694889,6.313373483148375e-06,0.03248115422967601,3.533131322772977e-10,0.006906503391146603,Regional
9.964018052276156,16064.0,16064.0,-0.07525367517287579,-0.01165604339632734,0.011816433640164508,0.07522622900336468,-4.9041679179785864e-05,4.933358842981551e-07,0.04547411923084245,0.002067895519820875,0.026877999312971856,0.02696907696063224,47.05078125,0.0012777816992432874,4.354840322840461e-06,0.02696907696063224,7.232280526954342e-10,0.004457049104274881,Regional
10.320620339787032,8809.0,8809.0,-0.021028177173931215,-0.010592148344345687,0.008755342478962888,0.022623200577613016,-0.0009280215631644027,-9.002026075132646e-07,0.020796075580255258,0.000432476759539689,0.012128929852485064,0.01472579664609387,1.93359375,0.000475286377479612,9.939293696588136e-07,0.01472579664609387,2.0204087769937998e-11,0.0007421819466455409,Regional
10.329059045696193,11798.0,11798.0,-0.018111330788120904,-0.009114040506813557,0.008719721127188657,0.021771419381466487,-0.0012785814508281658,7.556558464726704e-07,0.015025137751202837,0.00022575476444262066,0.010609998179674639,0.006838328352193113,17.83203125,0.0004427243971472571,4.4392928908213037e-07,0.006838328352193113,1.490364027936092e-11,0.0002303682396689088,Regional
10.332488680183339,23419.0,23419.0,-0.014042291559595483,-0.005395253319212196,0.005383732540965304,0.013894252354087313,-5.0854827307108445e-05,1.5061547361078288e-07,0.011036982027713233,0.00012181497228006493,0.007067094685449843,0.007162888549546832,44.6875,0.0003018054805768293,2.620133088113956e-07,0.007162888549546832,6.772949973023198e-10,0.0002729274956350925,Regional
9.570529135214707,4375.0,4375.0,-0.027718623078789494,-0.015431261958178944,0.01443352680223598,0.03245005642576035,-0.0009500081304350454,2.141099805240081e-06,0.020002001062144278,0.0004000800464900208,0.0162390922882763,0.011926533068931183,17.6171875,0.0004978391131627457,9.172366967321949e-07,0.011926533068931183,8.547611914774433e-12,0.0007163052711681314,Regional
9.570529135214707,5139.0,5139.0,-0.025206442716749267,-0.014129903775832925,0.013660619580552189,0.03077815274890468,-0.002311665089941909,-2.2002888615399696e-06,0.018461273623170203,0.0003408186237895599,0.01503715963093721,0.010819450360692791,17.6171875,0.0005194086399724617,7.171772239574663e-07,0.010819450360692791,2.2195019156824835e-11,0.0006770397144878173,Regional
9.570529135214707,10971.0,10971.0,-0.01700819045055836,-0.006788047807482476,0.006866867337770483,0.017215232920863945,5.643762928288496e-05,3.113032244208971e-08,0.011385090955897674,0.000129620296074063,0.008425318161464626,0.00532743432100609,47.48046875,0.0003404771377032858,2.639520822628659e-07,0.00532743432100609,7.870189862768835e-10,6.51952986200923e-05,Regional
9.436997742590188,6111.0,6111.0,-0.031673861738543634,-0.016290429466970853,0.015914467772110096,0.03403402684686274,-0.0008639816266624528,-2.9143180433860496e-07,0.020681524972041062,0.000427725475169158,0.017263722377666862,0.013419265986744795,26.640625,0.0005313708703360182,9.392541710514222e-07,0.013419265986744795,2.657495631972623e-11,0.003156371147020222,Regional
9.436997742590188,5643.0,5643.0,-0.017096650688978247,-0.009952806580276653,0.008572678699293929,0.023261526559557648,-0.0017127384897680474,3.1505242313887175e-07,0.012724254865277076,0.00016190666187652737,0.01041536534269296,0.006750308941302773,26.640625,0.0004503673621036372,2.5958148434785725e-07,0.006750308941302773,2.233984518912064e-10,0.0007977766550054522,Regional
9.436997742590188,6540.0,6540.0,-0.01576136245938021,-0.006544624797733864,0.006406001479846172,0.01657789223961358,-0.00011425624151653862,-8.692307666070988e-08,0.009951959583047083,9.904149954260265e-05,0.0077970456393142065,0.0035845294068559087,47.6953125,0.00035512398380690725,1.5590027089324583e-07,0.0035845294068559087,9.959819044535242e-10,3.7976043227242664e-05,Regional
8.317766166719341,3375.0,3375.0,-0.021500570476219328,-0.010287222510263839,0.010243814882164855,0.021522132656696055,0.00018065327535562295,-3.6329939540208905e-06,0.016148928558254717,0.00026078789357961477,0.012139295839382079,0.01085717998983288,47.05078125,0.0002947766732034129,6.359334029001794e-07,0.01085717998983288,6.185157598291862e-10,0.000313714419158048,Regional
8.317766166719341,2080.0,2080.0,-0.011465981895057854,-0.0044042786077076014,0.004245757706857712,0.011879129429314605,-0.00018661212638855593,-5.753190293319593e-06,0.010127296647263419,0.00010256213738167289,0.006025030185787887,0.003208724077570586,27.0703125,0.0002880707445002567,1.974436060713555e-07,0.003208724077570586,1.142748433179781e-10,3.726601442006272e-05,Regional
8.317766166719341,1157.0,1155.0,-0.008648563472350983,-0.0034409052654104737,0.0034730912872736166,0.009478265329125192,-6.017214360909009e-05,1.0173673976735775e-05,0.01038577125015512,0.00010786424446054867,0.0051219722742272804,0.006080777614679691,3.22265625,0.00023072852895271364,2.4928807136428105e-07,0.006080777614679691,5.956897955049396e-11,0.00019262099719103538,Regional
9.329367078397826,4692.0,4692.0,-0.030304891173834066,-0.0159500062943383,0.016136515794604053,0.034468955346804823,-0.001625838005624678,-2.4365860938351943e-06,0.02502901562139643,0.0006264516229761066,0.01820052002383792,0.019723190341395115,33.30078125,0.0005864569537849328,1.4289586926226803e-06,0.019723190341395115,3.456329495884775e-10,0.0010457547059303392,Regional
9.329367078397826,3768.0,3768.0,-0.020939982282182718,-0.009918875689231487,0.012727532655426517,0.02955904828033782,0.0007182778581605719,1.4282607313837408e-06,0.026797027186446408,0.0007180806660311479,0.014790582839147914,0.08072887479494506,0.0,0.0005478864441514513,2.074706375572466e-06,0.08072887479494506,1.0352136682600932e-11,0.009385824754623823,Regional
9.329367078397826,8609.0,8609.0,-0.01675347463406628,-0.006379518716684648,0.007001330447345864,0.017503118416978058,0.00034532405107002477,9.660235032686883e-07,0.01784052498546171,0.0003182843317568835,0.009487769756683707,0.02361338018700802,43.18359375,0.00038189658265731536,7.92822782716697e-07,0.02361338018700802,6.591577869467791e-13,0.0008153734803763773,Regional
8.946374826141716,2862.0,2862.0,-0.029112470063167167,-0.016684635942459416,0.016619075411925425,0.03445545267612832,-0.0029049545287591376,5.634085182812466e-06,0.020490664154469727,0.00041986731749127056,0.017476292170462596,0.01292772561161559,19.765625,0.0004949010553932527,9.429997976637068e-07,0.01292772561161559,1.0053969473362151e-10,0.0012667184493590348,Regional
8.946374826141716,2638.0,2638.0,-0.025990115026760106,-0.014831138047020803,0.013735847064949345,0.029808139749922496,-0.0011732523762744865,-6.515975390118667e-06,0.017784087472267212,0.00031627376722125154,0.015014225128213942,0.010793528114362365,19.765625,0.0004368985479175967,7.0392404023743e-07,0.010793528114362365,2.4190199783601443e-11,0.0010271852867484873,Regional
8.946374826141716,5738.0,5738.0,-0.016054681925123583,-0.006301339831967735,0.006390069822652829,0.015401394205651045,1.5640004888455596e-05,1.0290738479303932e-06,0.0095703569810368,9.159173274447984e-05,0.007578863926188054,0.0031295990490753213,39.31640625,0.0002925031273520736,1.7361991230947687e-07,0.0031295990490753213,2.9402624501049927e-09,6.617871470178425e-05,Regional
9.477003077203888,4803.0,4803.0,-0.028090464727024377,-0.01657750241182172,0.016652767637117306,0.033329557404965834,-0.0026343325051109943,1.783974629877419e-06,0.01992537715482592,0.0003970206547620587,0.017006395023766753,0.01297420302531589,19.55078125,0.00047360608867959763,9.129782356984783e-07,0.01297420302531589,1.922860306174728e-10,0.002259751817024187,Regional
9.477003077203888,4422.0,4422.0,-0.026166591383977415,-0.014904422978973694,0.01383233757927199,0.029837313026318424,-0.0010422460964694311,-2.0375476939003766e-06,0.017960529659147025,0.00032258062563709995,0.015102290090743297,0.011117920363013309,19.55078125,0.0004343347937390811,7.369617417818261e-07,0.011117920363013309,5.765266167028979e-11,0.0016723216372229587,Regional
9.477003077203888,9915.0,9915.0,-0.014809070840093336,-0.006030143018674433,0.00610995759330624,0.014610011128727746,5.007128824666943e-05,2.4485704856350473e-07,0.009034709852164551,8.162598211279919e-05,0.0071681847190911635,0.003528076741626101,39.53125,0.00027852086038368003,1.5739823381030572e-07,0.003528076741626101,6.443282672815784e-10,7.837538787415202e-05,Regional
9.496421163060994,5822.0,5822.0,-0.03099889411717996,-0.01568295320478612,0.016187838672163696,0.03488606345452426,-0.0009653795735453899,-2.4033833293418038e-06,0.023341175182815768,0.0005448104589148948,0.018054809142002918,0.012601787343982694,22.98828125,0.0007361133579692321,1.0172194356968261e-06,0.012601787343982694,4.180708518632982e-10,0.0014857548876233131,Regional
9.496421163060994,4759.0,4759.0,-0.02285712055800892,-0.009822170388859812,0.011407663158144359,0.027319350035455305,-0.0002805336830899816,1.7001627925426794e-06,0.018863213881540098,0.0003558208379407271,0.013324966898016587,0.007596589896583562,22.98828125,0.0006764561410113707,5.668546887902023e-07,0.007596589896583562,3.521385447775513e-10,0.0006086344852861114,Regional
9.496421163060994,9852.0,9852.0,-0.02309170800019585,-0.007889711017456781,0.009092723210617399,0.021522455772958166,0.0007983072462749107,7.887004914800563e-07,0.015115141292767293,0.00022846749630031892,0.010913472224653784,0.006010605074553188,46.19140625,0.0004967381192419023,4.0699538777725117e-07,0.006010605074553188,1.3596294051016443e-09,0.00022890830424637912,Regional
9.071537969095726,3489.0,3489.0,-0.031290984390718056,-0.016239301474302623,0.015901336341485425,0.036465251965529924,-0.001969303634495479,1.1896907966981414e-07,0.021868393926509695,0.00047822665292500605,0.01785812315801801,0.011858033384044921,19.98046875,0.0006417731269643441,9.464307628223833e-07,0.011858033384044921,2.6298485660209217e-10,0.0017653946345418997,Regional
9.071537969095726,2867.0,2867.0,-0.025857926104675015,-0.014015312103524021,0.013015617930365535,0.031840588153116266,-0.0011193024170061748,2.0441840470585385e-06,0.019235417050678646,0.00037000126911353876,0.015354239878782467,0.009613134544658722,19.98046875,0.0005799793073869784,7.131676948413514e-07,0.009613134544658722,2.2008280134845452e-10,0.0011862462370459787,Regional
9.071537969095726,6492.0,6492.0,-0.020605668894474183,-0.008073021610209213,0.008356434937133735,0.020376221028724252,0.0001922239208909402,-2.0441027287122825e-06,0.012991618016764118,0.00016878213869351004,0.010023241710473155,0.004605321764709559,44.6875,0.00040670625266702565,3.114132766023493e-07,0.004605321764709559,1.488387836861161e-09,0.00010953818043589173,Regional
8.877381954654766,2688.0,2688.0,-0.027547601764674842,-0.01555679339181663,0.015226958630986269,0.033099597676652326,-0.001989583588055611,-7.824084193920168e-06,0.019872475783909188,0.00039491529378205714,0.016415838968088292,0.011921109922472393,19.3359375,0.0005462827242471587,8.327202058942176e-07,0.011921109922472393,3.5526686816998373e-11,0.0006368838269209513,Regional
8.877381954654766,2293.0,2293.0,-0.02714796833340729,-0.014591797782389,0.013342016283992503,0.032417738787741186,-0.000700716692401019,6.2598676541149345e-06,0.019514227008371368,0.0003808050557342505,0.015655537144509058,0.010622727795215111,19.12109375,0.0005336523189838137,8.088501102540321e-07,0.010622727795215111,1.148674644985137e-11,0.0005441960485427554,Regional
8.877381954654766,5494.0,5494.0,-0.01697156183916579,-0.0065389239665473685,0.006824461878228131,0.016755883984538106,9.801314178596273e-05,1.369094507565443e-06,0.010993609584081401,0.00012085945168720644,0.008307999002032806,0.0036355928022044647,46.19140625,0.00033483030539104594,2.3199569125888868e-07,0.0036355928022044647,2.29112070569866e-10,3.60506054182362e-05,Regional
9.329367078397826,5308.0,5308.0,-0.030018344985330188,-0.01595186303634071,0.015840130800402898,0.03221214757083967,-0.0009603634936469216,-4.002151376759235e-06,0.01977992257210572,0.0003912453369584973,0.01672009831007283,0.012748360005396312,25.99609375,0.000493061114800251,8.809820926384483e-07,0.012748360005396312,4.315258977786226e-10,0.0015594893954433181,Regional
9.329367078397826,4611.0,4611.0,-0.016740101625064875,-0.010113615832061768,0.008596456172925915,0.023137256289944466,-0.0016675523593132047,1.5258486907952732e-06,0.012503809603508968,0.0001563452546008031,0.010319724252023037,0.006482250847778846,25.99609375,0.0004230046384476107,2.682104824288214e-07,0.006482250847778846,1.7028396412117203e-10,0.00033004426706194785,Regional
9.329367078397826,6782.0,6782.0,-0.014340743672970823,-0.006018210781353896,0.005951534760406546,0.014519009189708419,4.5018508051084026e-05,2.417433261368963e-06,0.008878290538951167,7.88240428940298e-05,0.00705734275401133,0.003535888983193975,48.125,0.0003117373316176695,1.2669622833301473e-07,0.003535888983193975,5.6080198313933e-10,3.5988209935793855e-05,Regional
9.515469358031682,6317.0,6317.0,-0.029810129268543695,-0.015820976261795117,0.01522250303124067,0.03228959128972428,-0.0007697998640936873,1.0125099901250999e-06,0.019680128647204167,0.00038730746357050613,0.016504522905253657,0.012492803062329113,25.3515625,0.0004986615696166106,8.604841810835684e-07,0.012492803062329113,1.930160777843977e-10,0.002143153781571557,Regional
9.515469358031682,5384.0,5384.0,-0.01770428193150341,-0.009998807710743178,0.00875399147987298,0.023265289971650137,-0.0014666249122932916,3.270645219524221e-07,0.013009838296905534,0.0001692558925116299,0.01062593666652368,0.0064981975190076865,25.3515625,0.0004381061146750581,2.9219481960856155e-07,0.0064981975190076865,4.318666125126096e-11,0.0006555098265560604,Regional
9.515469358031682,8810.0,8810.0,-0.015728111449564194,-0.0064203539432431,0.006315822489741742,0.015458340586703088,0.0001755177867239666,-1.2918062798632603e-06,0.0095496830845754,9.119644701582552e-05,0.00756519880652015,0.0036022626436231476,48.5546875,0.00032896638428978373,1.516183929781867e-07,0.0036022626436231476,4.97644987067572e-10,6.281893825908187e-05,Regional
9.496421163060994,10517.0,10517.0,-0.02378248277627003,-0.01239332381102578,0.012221836456764595,0.0239965617852364,-0.0002357930031853742,1.7445395225483788e-07,0.015283948664190779,0.00023359908676961908,0.012934675725843687,0.010894318267394091,45.1171875,0.00032394160385742344,5.664560942804258e-07,0.010894318267394091,5.098782699584524e-10,0.0007541657670558153,Regional
9.496421163060994,7022.0,7022.0,-0.01784360911830669,-0.0070556352753821175,0.00691618747816063,0.018431975061295496,-0.00033784272759615865,5.109010590731295e-07,0.011706023350099544,0.00013703098267307576,0.00880810053285799,0.006632893823351344,20.625,0.00036882038231059823,2.541662095727699e-07,0.006632893823351344,9.576852901200042e-12,0.0003090998917504339,Regional
9.496421163060994,2747.0,2747.0,-0.014851577238947209,-0.006054220557035453,0.0052353612976867945,0.018081925226845978,-0.0009409056328515387,-7.473974248445468e-07,0.0123466420401821,0.000152439569668392,0.00809763827994645,0.009580580740160612,11.171875,0.000292587344546796,3.410365309482408e-07,0.009580580740160612,2.5715805299000166e-11,0.00016388446343759217,Regional
9.496421163060994,10517.0,10517.0,-0.02378248277627003,-0.01239332381102578,0.012221836456764595,0.0239965617852364,-0.0002357930031853742,1.7445395225483788e-07,0.015283948664190779,0.00023359908676961908,0.012934675725843687,0.010894318267394091,45.1171875,0.00032394160385742344,5.664560942804258e-07,0.010894318267394091,5.098782699584524e-10,0.0007541657670558153,Regional
9.496421163060994,7022.0,7022.0,-0.01784360911830669,-0.0070556352753821175,0.00691618747816063,0.018431975061295496,-0.00033784272759615865,5.109010590731295e-07,0.011706023350099544,0.00013703098267307576,0.00880810053285799,0.006632893823351344,20.625,0.00036882038231059823,2.541662095727699e-07,0.006632893823351344,9.576852901200042e-12,0.0003090998917504339,Regional
9.496421163060994,2747.0,2747.0,-0.014851577238947209,-0.006054220557035453,0.0052353612976867945,0.018081925226845978,-0.0009409056328515387,-7.473974248445468e-07,0.0123466420401821,0.000152439569668392,0.00809763827994645,0.009580580740160612,11.171875,0.000292587344546796,3.410365309482408e-07,0.009580580740160612,2.5715805299000166e-11,0.00016388446343759217,Regional
8.912473274466032,3817.0,3817.0,-0.017454992562869944,-0.007053902323836505,0.006945126989596227,0.017535057539275836,-3.313866199694096e-05,-2.292850103733508e-06,0.010708693411993606,0.00011467611459207527,0.008413242814129888,0.004790835386654828,26.85546875,0.0003350734160822379,2.157083200533398e-07,0.004790835386654828,1.8774043852463809e-10,0.00010794500810034252,Regional
8.912473274466032,5299.0,5299.0,-0.016069357566429528,-0.006047712276316693,0.0061241201631303515,0.015803666873566203,4.336487677159349e-05,-9.521489175463695e-08,0.009721869102993507,9.451473885573978e-05,0.007544613250616337,0.005659939043042501,41.89453125,0.00028623969618633783,1.9217318327281964e-07,0.005659939043042501,1.453380735368364e-09,8.205149050037612e-05,Regional
8.912473274466032,1600.0,1600.0,-0.00874467956961399,-0.004380189765913377,0.003944455556290671,0.010756993603013238,-0.0006188810238210036,2.4385586193508548e-06,0.005997896316648135,3.597476022526126e-05,0.004837199604020378,0.004152641189062748,0.0,0.00017317150877427904,7.575534117945712e-08,0.004152641189062748,7.894284368998444e-11,7.391454423343055e-05,Regional
8.589699882202984,4134.0,4134.0,-0.020383275941911007,-0.008509788509572387,0.00861578210784418,0.020573070550769033,-7.393909389686425e-05,6.997106743105858e-07,0.012664224763136167,0.00016038258885123132,0.010098314317337978,0.005947140794222638,43.3984375,0.0003026181724638197,3.62330986259379e-07,0.005947140794222638,1.423194703471685e-10,0.00018120412868213067,Regional
8.589699882202984,2946.0,2946.0,-0.015333146027264181,-0.006462383986109624,0.006334555570438384,0.01602552680606468,-0.0002151391775539293,-4.318765353661825e-06,0.00981567994202357,9.634757272424383e-05,0.007699827299156401,0.003871071040562859,18.69140625,0.0003146422474340468,1.7172204364746365e-07,0.003871071040562859,2.487622280574338e-10,8.290751105977552e-05,Regional
8.589699882202984,1444.0,1442.0,-0.009918532956254495,-0.004639103614283992,0.004166609221526011,0.011572510473383656,-0.000497426030991474,3.685132644359189e-06,0.006637682959083366,4.405883506530572e-05,0.005250339522492206,0.0034347718678293133,18.69140625,0.00017474122614057853,9.631977820588685e-08,0.0034347718678293133,5.3938852164056236e-11,6.784163056214464e-05,Regional
8.764053269347762,4974.0,4974.0,-0.017699028641452005,-0.007515783836432369,0.007305414982831649,0.017958789397634792,0.0001448982341831858,-3.818668309626998e-07,0.011177625539334896,0.00012493931269759174,0.008803532568170808,0.005261632772270573,45.33203125,0.000280877555279433,2.6815487421828036e-07,0.005261632772270573,7.091905902596716e-10,6.441922538586258e-05,Regional
8.764053269347762,3263.0,3263.0,-0.014288803291235705,-0.005819887264486443,0.005928372359538215,0.014830218159168327,-0.0002716500585297208,-2.574246687690775e-07,0.009128767108054433,8.33343889130965e-05,0.0070737085565593764,0.0037229565434115496,18.26171875,0.00029696097859653717,1.3809058524307118e-07,0.0037229565434115496,8.855069263025324e-11,0.00010584650844118378,Regional
8.764053269347762,1623.0,1623.0,-0.010436095728344894,-0.004935244807662282,0.0044342874136045615,0.012202207072523816,-0.0005577086433674051,7.119399305352894e-07,0.0069422713065911325,4.819513089431855e-05,0.00555634367052249,0.003484175617629765,18.26171875,0.00018544500891415087,1.0044084673027886e-07,0.003484175617629765,8.056898520607736e-11,0.0001393047851260977,Regional
8.764053269347762,4974.0,4974.0,-0.017699028641452005,-0.007515783836432369,0.007305414982831649,0.017958789397634792,0.0001448982341831858,-3.818668309626998e-07,0.011177625539334896,0.00012493931269759174,0.008803532568170808,0.005261632772270573,45.33203125,0.000280877555279433,2.6815487421828036e-07,0.005261632772270573,7.091905902596716e-10,6.441922538586258e-05,Regional
8.764053269347762,3263.0,3263.0,-0.014288803291235705,-0.005819887264486443,0.005928372359538215,0.014830218159168327,-0.0002716500585297208,-2.574246687690775e-07,0.009128767108054433,8.33343889130965e-05,0.0070737085565593764,0.0037229565434115496,18.26171875,0.00029696097859653717,1.3809058524307118e-07,0.0037229565434115496,8.855069263025324e-11,0.00010584650844118378,Regional
8.764053269347762,1623.0,1623.0,-0.010436095728344894,-0.004935244807662282,0.0044342874136045615,0.012202207072523816,-0.0005577086433674051,7.119399305352894e-07,0.0069422713065911325,4.819513089431855e-05,0.00555634367052249,0.003484175617629765,18.26171875,0.00018544500891415087,1.0044084673027886e-07,0.003484175617629765,8.056898520607736e-11,0.0001393047851260977,Regional
8.764053269347762,4974.0,4974.0,-0.017699028641452005,-0.007515783836432369,0.007305414982831649,0.017958789397634792,0.0001448982341831858,-3.818668309626998e-07,0.011177625539334896,0.00012493931269759174,0.008803532568170808,0.005261632772270573,45.33203125,0.000280877555279433,2.6815487421828036e-07,0.005261632772270573,7.091905902596716e-10,6.441922538586258e-05,Regional
8.764053269347762,3263.0,3263.0,-0.014288803291235705,-0.005819887264486443,0.005928372359538215,0.014830218159168327,-0.0002716500585297208,-2.574246687690775e-07,0.009128767108054433,8.33343889130965e-05,0.0070737085565593764,0.0037229565434115496,18.26171875,0.00029696097859653717,1.3809058524307118e-07,0.0037229565434115496,8.855069263025324e-11,0.00010584650844118378,Regional
8.764053269347762,1623.0,1623.0,-0.010436095728344894,-0.004935244807662282,0.0044342874136045615,0.012202207072523816,-0.0005577086433674051,7.119399305352894e-07,0.0069422713065911325,4.819513089431855e-05,0.00555634367052249,0.003484175617629765,18.26171875,0.00018544500891415087,1.0044084673027886e-07,0.003484175617629765,8.056898520607736e-11,0.0001393047851260977,Regional
9.914625296946584,9590.0,9592.0,-0.033184411649020654,-0.01589838806764196,0.01580104270098919,0.03626334675270107,-0.0007409792491179111,2.762134338517041e-06,0.025992329044225864,0.0006756011691433075,0.018689303143904643,0.013399314654804376,24.921875,0.0008482260250308463,1.233476003686601e-06,0.013399314654804376,3.298520804368918e-11,0.0006005444737282267,Telesismo
9.914625296946584,8122.0,8122.0,-0.018518423278282223,-0.009099322723083005,0.010253338925501574,0.025326504889917445,-0.0004136490450043286,-1.0767542834338245e-06,0.019245699178122272,0.00037039693685477626,0.012110640392046493,0.008916111360737628,0.0,0.000752463213754034,5.118700890468502e-07,0.008916111360737628,1.652363636542309e-10,0.0002889722109301813,Telesismo
9.914625296946584,13560.0,13560.0,-0.021532171787943595,-0.006852210169069154,0.008733750018362109,0.020598038366587895,0.0010506833462654702,-1.5622302562985051e-06,0.016914298688853767,0.0002860935001357603,0.010704454990583995,0.010160417821241071,47.91015625,0.0005854552091560443,4.899294740472475e-07,0.010160417821241071,1.4685167618608622e-09,0.00032435776361578887,Telesismo
9.914625296946584,9590.0,9592.0,-0.033184411649020654,-0.01589838806764196,0.01580104270098919,0.03626334675270107,-0.0007409792491179111,2.762134338517041e-06,0.025992329044225864,0.0006756011691433075,0.018689303143904643,0.013399314654804376,24.921875,0.0008482260250308463,1.233476003686601e-06,0.013399314654804376,3.298520804368918e-11,0.0006005444737282267,Telesismo
9.914625296946584,8122.0,8122.0,-0.018518423278282223,-0.009099322723083005,0.010253338925501574,0.025326504889917445,-0.0004136490450043286,-1.0767542834338245e-06,0.019245699178122272,0.00037039693685477626,0.012110640392046493,0.008916111360737628,0.0,0.000752463213754034,5.118700890468502e-07,0.008916111360737628,1.652363636542309e-10,0.0002889722109301813,Telesismo
9.914625296946584,13560.0,13560.0,-0.021532171787943595,-0.006852210169069154,0.008733750018362109,0.020598038366587895,0.0010506833462654702,-1.5622302562985051e-06,0.016914298688853767,0.0002860935001357603,0.010704454990583995,0.010160417821241071,47.91015625,0.0005854552091560443,4.899294740472475e-07,0.010160417821241071,1.4685167618608622e-09,0.00032435776361578887,Telesismo
9.914625296946584,9590.0,9592.0,-0.033184411649020654,-0.01589838806764196,0.01580104270098919,0.03626334675270107,-0.0007409792491179111,2.762134338517041e-06,0.025992329044225864,0.0006756011691433075,0.018689303143904643,0.013399314654804376,24.921875,0.0008482260250308463,1.233476003686601e-06,0.013399314654804376,3.298520804368918e-11,0.0006005444737282267,Telesismo
9.914625296946584,8122.0,8122.0,-0.018518423278282223,-0.009099322723083005,0.010253338925501574,0.025326504889917445,-0.0004136490450043286,-1.0767542834338245e-06,0.019245699178122272,0.00037039693685477626,0.012110640392046493,0.008916111360737628,0.0,0.000752463213754034,5.118700890468502e-07,0.008916111360737628,1.652363636542309e-10,0.0002889722109301813,Telesismo
9.914625296946584,13560.0,13560.0,-0.021532171787943595,-0.006852210169069154,0.008733750018362109,0.020598038366587895,0.0010506833462654702,-1.5622302562985051e-06,0.016914298688853767,0.0002860935001357603,0.010704454990583995,0.010160417821241071,47.91015625,0.0005854552091560443,4.899294740472475e-07,0.010160417821241071,1.4685167618608622e-09,0.00032435776361578887,Telesismo
9.914625296946584,9590.0,9592.0,-0.033184411649020654,-0.01589838806764196,0.01580104270098919,0.03626334675270107,-0.0007409792491179111,2.762134338517041e-06,0.025992329044225864,0.0006756011691433075,0.018689303143904643,0.013399314654804376,24.921875,0.0008482260250308463,1.233476003686601e-06,0.013399314654804376,3.298520804368918e-11,0.0006005444737282267,Telesismo
9.914625296946584,8122.0,8122.0,-0.018518423278282223,-0.009099322723083005,0.010253338925501574,0.025326504889917445,-0.0004136490450043286,-1.0767542834338245e-06,0.019245699178122272,0.00037039693685477626,0.012110640392046493,0.008916111360737628,0.0,0.000752463213754034,5.118700890468502e-07,0.008916111360737628,1.652363636542309e-10,0.0002889722109301813,Telesismo
9.914625296946584,13560.0,13560.0,-0.021532171787943595,-0.006852210169069154,0.008733750018362109,0.020598038366587895,0.0010506833462654702,-1.5622302562985051e-06,0.016914298688853767,0.0002860935001357603,0.010704454990583995,0.010160417821241071,47.91015625,0.0005854552091560443,4.899294740472475e-07,0.010160417821241071,1.4685167618608622e-09,0.00032435776361578887,Telesismo
9.914625296946584,9590.0,9592.0,-0.033184411649020654,-0.01589838806764196,0.01580104270098919,0.03626334675270107,-0.0007409792491179111,2.762134338517041e-06,0.025992329044225864,0.0006756011691433075,0.018689303143904643,0.013399314654804376,24.921875,0.0008482260250308463,1.233476003686601e-06,0.013399314654804376,3.298520804368918e-11,0.0006005444737282267,Telesismo
9.914625296946584,8122.0,8122.0,-0.018518423278282223,-0.009099322723083005,0.010253338925501574,0.025326504889917445,-0.0004136490450043286,-1.0767542834338245e-06,0.019245699178122272,0.00037039693685477626,0.012110640392046493,0.008916111360737628,0.0,0.000752463213754034,5.118700890468502e-07,0.008916111360737628,1.652363636542309e-10,0.0002889722109301813,Telesismo
9.914625296946584,13560.0,13560.0,-0.021532171787943595,-0.006852210169069154,0.008733750018362109,0.020598038366587895,0.0010506833462654702,-1.5622302562985051e-06,0.016914298688853767,0.0002860935001357603,0.010704454990583995,0.010160417821241071,47.91015625,0.0005854552091560443,4.899294740472475e-07,0.010160417821241071,1.4685167618608622e-09,0.00032435776361578887,Telesismo
9.914625296946584,9590.0,9592.0,-0.033184411649020654,-0.01589838806764196,0.01580104270098919,0.03626334675270107,-0.0007409792491179111,2.762134338517041e-06,0.025992329044225864,0.0006756011691433075,0.018689303143904643,0.013399314654804376,24.921875,0.0008482260250308463,1.233476003686601e-06,0.013399314654804376,3.298520804368918e-11,0.0006005444737282267,Telesismo
9.914625296946584,8122.0,8122.0,-0.018518423278282223,-0.009099322723083005,0.010253338925501574,0.025326504889917445,-0.0004136490450043286,-1.0767542834338245e-06,0.019245699178122272,0.00037039693685477626,0.012110640392046493,0.008916111360737628,0.0,0.000752463213754034,5.118700890468502e-07,0.008916111360737628,1.652363636542309e-10,0.0002889722109301813,Telesismo
9.914625296946584,13560.0,13560.0,-0.021532171787943595,-0.006852210169069154,0.008733750018362109,0.020598038366587895,0.0010506833462654702,-1.5622302562985051e-06,0.016914298688853767,0.0002860935001357603,0.010704454990583995,0.010160417821241071,47.91015625,0.0005854552091560443,4.899294740472475e-07,0.010160417821241071,1.4685167618608622e-09,0.00032435776361578887,Telesismo
9.914625296946584,9590.0,9592.0,-0.033184411649020654,-0.01589838806764196,0.01580104270098919,0.03626334675270107,-0.0007409792491179111,2.762134338517041e-06,0.025992329044225864,0.0006756011691433075,0.018689303143904643,0.013399314654804376,24.921875,0.0008482260250308463,1.233476003686601e-06,0.013399314654804376,3.298520804368918e-11,0.0006005444737282267,Telesismo
9.914625296946584,8122.0,8122.0,-0.018518423278282223,-0.009099322723083005,0.010253338925501574,0.025326504889917445,-0.0004136490450043286,-1.0767542834338245e-06,0.019245699178122272,0.00037039693685477626,0.012110640392046493,0.008916111360737628,0.0,0.000752463213754034,5.118700890468502e-07,0.008916111360737628,1.652363636542309e-10,0.0002889722109301813,Telesismo
9.914625296946584,13560.0,13560.0,-0.021532171787943595,-0.006852210169069154,0.008733750018362109,0.020598038366587895,0.0010506833462654702,-1.5622302562985051e-06,0.016914298688853767,0.0002860935001357603,0.010704454990583995,0.010160417821241071,47.91015625,0.0005854552091560443,4.899294740472475e-07,0.010160417821241071,1.4685167618608622e-09,0.00032435776361578887,Telesismo
9.914625296946584,9590.0,9592.0,-0.033184411649020654,-0.01589838806764196,0.01580104270098919,0.03626334675270107,-0.0007409792491179111,2.762134338517041e-06,0.025992329044225864,0.0006756011691433075,0.018689303143904643,0.013399314654804376,24.921875,0.0008482260250308463,1.233476003686601e-06,0.013399314654804376,3.298520804368918e-11,0.0006005444737282267,Telesismo
9.914625296946584,8122.0,8122.0,-0.018518423278282223,-0.009099322723083005,0.010253338925501574,0.025326504889917445,-0.0004136490450043286,-1.0767542834338245e-06,0.019245699178122272,0.00037039693685477626,0.012110640392046493,0.008916111360737628,0.0,0.000752463213754034,5.118700890468502e-07,0.008916111360737628,1.652363636542309e-10,0.0002889722109301813,Telesismo
9.914625296946584,13560.0,13560.0,-0.021532171787943595,-0.006852210169069154,0.008733750018362109,0.020598038366587895,0.0010506833462654702,-1.5622302562985051e-06,0.016914298688853767,0.0002860935001357603,0.010704454990583995,0.010160417821241071,47.91015625,0.0005854552091560443,4.899294740472475e-07,0.010160417821241071,1.4685167618608622e-09,0.00032435776361578887,Telesismo
9.719564714375203,1266.0,1266.0,-0.0380148283301978,-0.007496454857316866,0.007990018623513737,0.038691600946330014,0.00019409724853494909,6.660553475065137e-07,0.027450202534950115,0.0007535136192097818,0.015479160878708495,0.04214557189012965,0.859375,0.0002685101065415292,2.0466497830298578e-06,0.04214557189012965,2.6518696106766527e-11,0.0028897303027169865,Telesismo
9.719564714375203,7050.0,7050.0,-0.00384254590148293,-0.001564794549252435,0.0015849272755285575,0.0038026490866979205,1.8996272240510842e-06,-6.391686179628214e-07,0.0023192209248085872,5.378785698069999e-06,0.0018520913375626726,0.0008588045297734494,15.0390625,8.684256945834385e-05,7.877699682481542e-09,0.0008588045297734494,1.0781476717804626e-11,8.947579721383842e-06,Telesismo
9.719564714375203,12129.0,12129.0,-0.0024532091282493443,-0.0009954596694655986,0.0010188741002279528,0.0024338101708800434,-1.9089553712742344e-06,-2.3356879778792787e-08,0.0015012017389065169,2.2536066608959503e-06,0.0011948173064281794,0.0004398265847177987,47.91015625,5.059938066518376e-05,3.92286987951768e-09,0.0004398265847177987,3.753908469002056e-11,3.7298145693905212e-06,Telesismo
9.234056898593504,515.0,515.0,-0.05410570637915356,-0.012509795523769846,0.012410272826426282,0.055454166601669304,3.116794055448263e-05,-9.049358994812624e-08,0.03540188036989138,0.0012532931337241003,0.022216431779016436,0.04066688537675603,1.50390625,0.0003381787409285903,3.439302842912239e-06,0.04066688537675603,1.6765667291431495e-12,0.00790913709177786,Telesismo
9.234056898593504,4297.0,4297.0,-0.002685445127017157,-0.0010892091691189292,0.0010819834953311454,0.002668639525768466,-2.7256935809275724e-05,1.4987777223743036e-07,0.0016177000250415599,2.616953371019463e-06,0.001289156097260357,0.0004635980595314582,14.82421875,6.175656711101964e-05,3.6133313993700598e-09,0.0004635980595314582,4.178370789555824e-11,1.1839636199085742e-06,Telesismo
9.234056898593504,7518.0,7518.0,-0.0017706035458568562,-0.0007280785727962612,0.000726199328919504,0.0017774480101826948,1.2886342645766111e-06,-7.136042260992514e-08,0.0010904549722171378,1.1890920464330788e-06,0.0008664951917329687,0.00034935639349353837,46.8359375,3.613323502701547e-05,2.0810136315156818e-09,0.00034935639349353837,5.0124893046453976e-11,1.0712135571535226e-06,Telesismo
9.622714888385278,770.0,770.0,-0.040940563463057765,-0.010676682563718063,0.01062051658689069,0.040110257790114436,-0.00015711969510844728,5.4604700956321823e-11,0.02570552714009906,0.0006607741255503693,0.016989540553775332,0.02754619571075089,0.4296875,0.0003073038323753974,1.8191558312631482e-06,0.02754619571075089,2.8521684327373877e-11,0.005885750812048025,Telesismo
9.622714888385278,6459.0,6459.0,-0.0029090650462445587,-0.001188559368926666,0.0011858912313679197,0.00290630589943972,2.055564918086525e-05,2.4048497035234553e-08,0.0017623257216202513,3.1057919490843394e-06,0.0014032951914393177,0.0005953197960489095,14.82421875,6.894243818944208e-05,4.236823790951106e-09,0.0005953197960489095,5.355843127327685e-12,3.214767542628537e-06,Telesismo
9.622714888385278,11198.0,11198.0,-0.0020346256516386037,-0.0008252612643360317,0.0008295462657500116,0.002027947800646197,9.239537118956131e-06,-3.266352744694244e-08,0.0012405040173247668,1.538850216998885e-06,0.0009874401022431881,0.0004084849591765156,47.05078125,4.095364694748458e-05,2.724272588611469e-09,0.0004084849591765156,3.7994922797048155e-11,2.3532342011880206e-06,Telesismo
9.901886271169154,1490.0,1490.0,-0.021849857715749252,-0.006292317517839012,0.006232513768629258,0.02139305867575503,7.911146628488681e-05,-7.81755340139951e-08,0.013788398018436267,0.0001901199199148172,0.009404817500468305,0.022516696533966825,0.859375,0.00021379535373789558,5.034560059802399e-07,0.022516696533966825,8.478724855155206e-12,0.00033328009443295335,Telesismo
9.901886271169154,8652.0,8652.0,-0.003351189437730763,-0.0013240183408228523,0.0013166357692482437,0.003325251077358062,1.3464786041524854e-05,7.326921583086209e-08,0.0020274614657136694,4.11059999495382e-06,0.0015982324391451647,0.0006074766331241704,22.34375,7.825037898642596e-05,5.718165800320901e-09,0.0006074766331241704,2.5221309021239663e-11,2.2750034043148814e-06,Telesismo
9.901886271169154,14715.0,14715.0,-0.002320287275068705,-0.0009300242497295596,0.000942191505539862,0.002296015378858656,-1.45351085091398e-05,1.0240039705838202e-08,0.0014103374468915392,1.989051714104545e-06,0.0011181397254572468,0.00038422461470465053,43.828125,4.699144484064913e-05,3.5335192780445253e-09,0.00038422461470465053,4.972355988121257e-11,1.0272286098778078e-06,Telesismo
8.378390788535778,376.0,378.0,-0.10707774911234268,-0.009678060777354862,0.00706212270032061,0.0988890527539862,-0.00027081692445951453,2.118249985156139e-06,0.06727592819758203,0.004526050514846214,0.03716370966583282,0.05615130799900304,1.07421875,0.0007376816885429329,1.2005898722735913e-05,0.05615130799900304,3.3569659313621714e-11,0.011114268553771227,Telesismo
8.378390788535778,1464.0,1468.0,-0.0034115886754203105,-0.0011487962026116814,0.0011602916587124365,0.0033976759870066563,2.4716682373086427e-05,-2.0440188856850057e-06,0.0021527133921393714,4.634174948696199e-06,0.0015637328617996399,0.0011108046598538122,6.4453125,6.83797464320977e-05,8.25334231381707e-09,0.0011108046598538122,1.4456493826060486e-11,1.337080056492102e-06,Telesismo
8.378390788535778,3181.0,3181.0,-0.0014197575615242661,-0.0005779960222429843,0.0005743822295096835,0.001446574086657934,-1.0658186162228748e-05,-1.0194613761473497e-07,0.0008732669791844589,7.625952169339502e-07,0.0006931037655287174,0.0002546482499174033,45.9765625,2.8830970668976498e-05,1.2652882162219144e-09,0.0002546482499174033,3.560504482353977e-11,4.6907549797494677e-07,Telesismo
9.182763604205945,404.0,404.0,-0.05526705994524124,-0.015567539988749109,0.016122120548854344,0.05176026849018118,0.0006655329793006499,-2.299134001442883e-06,0.034150065870099014,0.0011662269989321013,0.0235601664148103,0.0319324719693915,1.50390625,0.0004463921885620403,3.152078287887127e-06,0.0319324719693915,1.3352428863099008e-11,0.003873961434293741,Telesismo
9.182763604205945,4103.0,4101.0,-0.0029555050078651415,-0.0011715283008886797,0.0011619521199061642,0.002939953863196436,1.386952299343326e-06,2.2952780644745607e-06,0.0018143301700993349,3.2917939661326813e-06,0.001411346084682669,0.00039479944922291265,15.25390625,7.281417933610429e-05,4.137669763472972e-09,0.00039479944922291265,1.70846405904044e-11,3.2445821061893973e-06,Telesismo
9.182763604205945,7233.0,7233.0,-0.0020850882065090184,-0.0008630820516349703,0.0008486564185152652,0.0020994679129127704,1.9065651170080498e-05,1.3164529502675085e-08,0.001264548817963225,1.5990837130121898e-06,0.0010077527761728508,0.0004122103603842971,41.6796875,4.115068668645411e-05,2.8321497693778448e-09,0.0004122103603842971,1.3923653859249834e-10,1.4081451447973614e-06,Telesismo
9.182763604205945,678.0,678.0,-0.024340061986604714,-0.009025008029522327,0.00945736747866495,0.02465327807694095,-9.482528788440738e-05,3.416841409980784e-07,0.015272323309162622,0.00023324385925959192,0.011639029878717854,0.013687258770680936,0.859375,0.00025890703496239887,5.828197047925689e-07,0.013687258770680936,1.7952415229849535e-11,0.0010479597717354616,Telesismo
9.182763604205945,3992.0,3992.0,-0.004265342893139262,-0.0017750265807042749,0.001776733092859312,0.004271105318608689,-4.115819113936325e-05,-2.2753449095562655e-07,0.002599685939510283,6.758366984087462e-06,0.0020729762083292864,0.0008938021061622787,15.25390625,9.683945294070027e-05,9.774381109866716e-09,0.0008938021061622787,1.3968665789766254e-11,2.412185542887817e-06,Telesismo
9.182763604205945,7071.0,7071.0,-0.0025323378071475037,-0.0010324991330420202,0.0010288894855833902,0.0025811515762991983,-1.4744883701260371e-05,-1.1514139471301212e-07,0.001550120043189874,2.4028721482989773e-06,0.0012358129964702602,0.00045600535855902155,46.19140625,5.202181212466928e-05,4.0761164531140185e-09,0.00045600535855902155,1.648229248838427e-11,2.0209443958583426e-07,Telesismo
9.914625296946584,1454.0,1454.0,-0.023312641760078807,-0.008220874118876634,0.008105352080009499,0.022791029734346043,2.452100135945787e-05,1.9269081693819009e-07,0.01432016805140472,0.00020506721302047246,0.01068563946021999,0.014131966031173691,2.578125,0.0002473269792655412,5.199231057405661e-07,0.014131966031173691,1.650843903851923e-12,0.0010401096305717578,Telesismo
9.914625296946584,8128.0,8128.0,-0.0034260937808443734,-0.0014255894323105033,0.0014426555829779644,0.003453321851955412,-1.0548026472979968e-05,-1.892714232297977e-07,0.0021070887816579376,4.439823133788733e-06,0.001682962526944028,0.0006454665033446315,14.609375,8.075889501752182e-05,6.274498729310649e-09,0.0006454665033446315,7.7897649132996e-12,2.8993381632757715e-06,Telesismo
9.914625296946584,14738.0,14738.0,-0.002100144102073196,-0.0008519151223907374,0.0008578945627088351,0.0020987930892450595,-5.500352753359136e-06,-4.622213109513727e-09,0.001279781053843267,1.6378395457761835e-06,0.001018092730113637,0.00038354757970689493,46.40625,4.31899658551891e-05,2.8748444907739994e-09,0.00038354757970689493,2.420340274873051e-11,3.277605818007734e-06,Telesismo
9.914625296946584,1454.0,1454.0,-0.023312641760078807,-0.008220874118876634,0.008105352080009499,0.022791029734346043,2.452100135945787e-05,1.9269081693819009e-07,0.01432016805140472,0.00020506721302047246,0.01068563946021999,0.014131966031173691,2.578125,0.0002473269792655412,5.199231057405661e-07,0.014131966031173691,1.650843903851923e-12,0.0010401096305717578,Telesismo
9.914625296946584,8128.0,8128.0,-0.0034260937808443734,-0.0014255894323105033,0.0014426555829779644,0.003453321851955412,-1.0548026472979968e-05,-1.892714232297977e-07,0.0021070887816579376,4.439823133788733e-06,0.001682962526944028,0.0006454665033446315,14.609375,8.075889501752182e-05,6.274498729310649e-09,0.0006454665033446315,7.7897649132996e-12,2.8993381632757715e-06,Telesismo
9.914625296946584,14738.0,14738.0,-0.002100144102073196,-0.0008519151223907374,0.0008578945627088351,0.0020987930892450595,-5.500352753359136e-06,-4.622213109513727e-09,0.001279781053843267,1.6378395457761835e-06,0.001018092730113637,0.00038354757970689493,46.40625,4.31899658551891e-05,2.8748444907739994e-09,0.00038354757970689493,2.420340274873051e-11,3.277605818007734e-06,Telesismo
9.939626599152,2166.0,2166.0,-0.01791420312324581,-0.005545586233126197,0.005694751114002153,0.018065176282916536,-2.8363193377865695e-05,-4.992665680338861e-07,0.011273242027803845,0.00012708598581744296,0.008001682054486765,0.01079672717537925,2.36328125,0.00022422646511363525,3.1910487334959304e-07,0.01079672717537925,2.3623068833109745e-12,0.0011341293959820236,Telesismo
9.939626599152,8652.0,8652.0,-0.004524425911481045,-0.001745506810702924,0.0018051817077208458,0.0042978109079361265,6.249712465339558e-05,5.042412573673913e-07,0.0027063324438630853,7.324235296705939e-06,0.0021325017552591492,0.0009096999979332309,14.39453125,0.00010295154001786945,1.035816828787346e-08,0.0009096999979332309,2.6146586171128458e-11,5.948385546487398e-06,Telesismo
9.939626599152,15500.0,15500.0,-0.0030890622953679923,-0.00126030332636246,0.001246874725919425,0.0030955795553844444,1.610208976314289e-05,-1.134661810646162e-08,0.001950600287809837,3.8048414828038185e-06,0.0015202884284564882,0.0009988820959629804,48.76953125,6.227551358089965e-05,6.944415726306397e-09,0.0009988820959629804,1.1752269540562035e-11,3.070832880168122e-06,Telesismo
10.170150257763833,2211.0,2211.0,-0.08628148640913061,-0.005616299217119782,0.005644191512175163,0.08979737937670926,1.6966553730997012e-05,1.869065956867809e-08,0.07536656396548234,0.0056801189639631424,0.03181606253311967,0.15547682172752458,2.578125,0.0006924299484760314,1.62019563204377e-05,0.15547682172752458,8.478259110392128e-12,0.022239421088722396,Telesismo
10.170150257763833,10100.0,10100.0,-0.005528779622579752,-0.001238990909643832,0.0012215361407835177,0.005675624479702581,9.786707435731036e-06,-6.012991529814116e-08,0.005446393590382153,2.96632031413558e-05,0.0026253823937522095,0.006553833603504058,14.609375,0.00011133466726806107,7.397187437784274e-08,0.006553833603504058,9.074450854978868e-12,0.00016483094985991474,Telesismo
10.170150257763833,19352.0,19352.0,-0.0023642128635921176,-0.0008061431524396128,0.0008102975486436729,0.0023506276735892535,5.682414509040716e-06,4.115786483315426e-08,0.0014879303375124992,2.2139366892900598e-06,0.0010865602563943605,0.0006430694347375473,44.6875,4.629605523563588e-05,4.271078862668212e-09,0.0006430694347375473,7.133411141646661e-11,1.1725455343312094e-05,Telesismo
9.688312170871093,1692.0,1692.0,-0.022008766438629746,-0.005039326204272602,0.005152689326386276,0.021639298831553872,0.00011722132331365336,-2.3609916392985288e-07,0.016705829294476723,0.0002790847324161967,0.009521750894340826,0.02865601030928759,2.578125,0.00024057403618216972,7.412634256929841e-07,0.02865601030928759,5.769211687154871e-12,0.0032769707861822067,Telesismo
9.688312170871093,6853.0,6853.0,-0.004259286106905011,-0.0016023004672690016,0.001632887105807791,0.00410190006050593,3.603988231120753e-05,2.3386610175294911e-07,0.0026398806903808686,6.968970059445772e-06,0.0020137568627274973,0.001981304838999165,15.0390625,9.673128340108905e-05,1.0551167942185358e-08,0.001981304838999165,3.353355822730865e-11,7.499549130758294e-06,Telesismo
9.688312170871093,12037.0,12037.0,-0.002971678119742704,-0.0011530024802673654,0.0011729522043124382,0.002903632522513091,1.8091506446767038e-05,2.4104274756544644e-09,0.0018784807439727247,3.5286899054763212e-06,0.0014308523219492076,0.001220706965364424,45.76171875,5.936955445047434e-05,6.63444823314642e-09,0.001220706965364424,1.0638577529693123e-10,3.0124851342637343e-06,Telesismo
10.208616538591631,3225.0,3225.0,-0.022433151784823527,-0.004967931976695347,0.0050914658279214734,0.021863153274616038,7.83721227180835e-05,-8.74540303291071e-08,0.01521117843097141,0.00023137994925884986,0.0091264622864436,0.024240940882954663,1.93359375,0.00024290778372440688,6.027421241839538e-07,0.024240940882954663,1.8483624678565513e-11,0.00171403616912729,Telesismo
10.208616538591631,11333.0,11333.0,-0.004690614207214751,-0.0018524787328182179,0.0018980201727480542,0.0045599586349875845,5.058618696784455e-05,9.396453085028411e-08,0.0028521204205411124,8.134590893267613e-06,0.002243461167028301,0.0015337547381923796,14.1796875,0.00010683718952491248,1.2178026707120353e-08,0.0015337547381923796,1.7018990071935615e-11,1.3310676684448927e-05,Telesismo
10.208616538591631,20101.0,20101.0,-0.0031377450201792783,-0.0012347846460801285,0.0012259820034570643,0.003075781313845738,1.2642333103484203e-05,-8.392879841254373e-09,0.0019471626371945143,3.7914423356862955e-06,0.0015057882919599097,0.001053836645570853,44.04296875,6.312201964935748e-05,7.062294278642608e-09,0.001053836645570853,8.110575416780242e-11,8.422795468937177e-06,Telesismo
